OrderID,Date,Region,Product,Category,Units_Sold,Unit_Price,COGS,Profit
1,2024-09-27,North,Wallet,Accessories,111,54843,42779,1339104
2,2024-08-02,East,Mobile,Electronics,79,22462,14040,665338
3,2024-12-09,South,Cap,Fashion,112,56601,54068,283696
4,2024-06-09,North,Curtains,Home Decor,80,20269,16052,337360
5,2024-02-18,North,Headphones,Electronics,95,26158,23500,252510
6,2024-09-27,West,Jacket,Fashion,66,19618,16513,204930
7,2024-08-31,East,Wallet,Accessories,68,51180,39686,781592
8,2024-01-21,East,Tablet,Electronics,77,15002,9509,422961
9,2024-01-14,West,Lamp,Home Decor,118,43501,32385,1311688
10,2024-12-05,South,Cap,Fashion,96,55138,39251,1525152
11,2024-03-21,South,Tablet,Electronics,40,2085,1598,19480
12,2024-11-05,West,T-shirt,Fashion,97,46258,39285,676381
13,2024-09-26,South,Clock,Home Decor,99,12034,7383,460449
14,2024-07-08,North,Jacket,Fashion,44,24776,17813,306372
15,2024-02-22,East,Mobile,Electronics,28,12685,7726,138852
16,2024-02-10,North,Curtains,Home Decor,33,51714,35166,546084
17,2024-05-08,West,Laptop,Electronics,112,3195,2009,132832
18,2024-06-11,North,Belt,Accessories,39,13166,9505,142779
19,2024-01-28,North,Bag,Accessories,11,8892,6929,21593
20,2024-02-17,North,Clock,Home Decor,27,12337,11433,24408
21,2024-08-01,West,Wallet,Accessories,95,43030,37874,489820
22,2024-05-10,East,Sunglasses,Accessories,5,17912,17310,3010
23,2024-07-25,North,Belt,Accessories,19,22861,15040,148599
24,2024-03-03,East,Carpet,Home Decor,100,52442,43587,885500
25,2024-08-18,South,Headphones,Electronics,113,2178,1908,30510
26,2024-06-08,North,Headphones,Electronics,75,10414,7000,256050
27,2024-06-18,South,Jacket,Fashion,49,43057,26645,804188
28,2024-04-17,West,Headphones,Electronics,48,26439,16166,493104
29,2024-12-13,East,Bag,Accessories,93,44762,43356,130758
30,2024-08-20,West,Shoes,Fashion,7,40794,31793,63007
31,2024-11-13,North,Vase,Home Decor,41,32468,31705,31283
32,2024-06-08,South,Belt,Accessories,100,51147,47743,340400
33,2024-02-21,South,Lamp,Home Decor,16,53233,41484,187984
34,2024-04-22,North,Watch,Accessories,60,28228,27430,47880
35,2024-08-07,South,Mobile,Electronics,58,1354,1031,18734
36,2024-05-05,East,Laptop,Electronics,6,22056,20249,10842
37,2024-07-21,East,Jacket,Fashion,60,53870,41082,767280
38,2024-04-07,West,Sunglasses,Accessories,74,24009,21979,150220
39,2024-05-03,North,Watch,Accessories,63,44857,29049,995904
40,2024-12-11,West,Wallet,Accessories,71,30706,22268,599098
41,2024-05-07,North,Curtains,Home Decor,43,35653,24442,482073
42,2024-05-30,West,Tablet,Electronics,35,20945,20583,12670
43,2024-02-29,West,Clock,Home Decor,117,2549,1553,116532
44,2024-02-06,North,Curtains,Home Decor,36,7658,5502,77616
45,2024-10-30,East,Tablet,Electronics,84,1654,1151,42252
46,2024-04-25,West,Lamp,Home Decor,79,51300,45661,445481
47,2024-08-14,South,Jacket,Fashion,116,3057,2859,22968
48,2024-12-31,South,Camera,Electronics,86,12469,9500,255334
49,2024-06-09,North,Sunglasses,Accessories,72,23828,19235,330696
50,2024-05-14,West,Headphones,Electronics,71,21380,16545,343285
51,2024-01-22,East,Headphones,Electronics,114,51345,36872,1649922
52,2024-09-20,East,Cap,Fashion,31,31246,30921,10075
53,2024-11-12,West,Laptop,Electronics,52,46214,41472,246584
54,2024-01-17,West,Lamp,Home Decor,48,59087,40398,897072
55,2024-04-08,South,Camera,Electronics,109,34328,31901,264543
56,2024-06-29,South,Laptop,Electronics,99,52822,52023,79101
57,2024-09-09,East,Headphones,Electronics,89,36243,30041,551978
58,2024-01-18,West,Tablet,Electronics,29,33245,27291,172666
59,2024-12-25,East,T-shirt,Fashion,50,37131,24118,650650
60,2024-06-03,East,Clock,Home Decor,110,34677,22328,1358390
61,2024-10-25,North,Laptop,Electronics,52,40474,34778,296192
62,2024-11-01,East,T-shirt,Fashion,29,11147,10523,18096
63,2024-11-08,East,Clock,Home Decor,40,5280,5161,4760
64,2024-05-22,East,Headphones,Electronics,96,32597,26578,577824
65,2024-07-04,North,Belt,Accessories,67,50800,40793,670469
66,2024-04-10,West,Jeans,Fashion,101,15099,11875,325624
67,2024-01-05,West,Curtains,Home Decor,107,22199,17230,531683
68,2024-02-16,South,Headphones,Electronics,103,40234,33055,739437
69,2024-05-03,South,Carpet,Home Decor,110,18577,16795,196020
70,2024-02-27,West,Tablet,Electronics,59,26445,17413,532888
71,2024-10-05,South,Cap,Fashion,13,35199,25895,120952
72,2024-01-01,South,Mobile,Electronics,115,46675,38770,909075
73,2024-08-24,West,Shoes,Fashion,5,3843,2531,6560
74,2024-12-14,South,Sunglasses,Accessories,71,20031,15682,308779
75,2024-03-26,North,Vase,Home Decor,61,28432,18897,581635
76,2024-08-25,South,Laptop,Electronics,66,29624,18373,742566
77,2024-12-06,West,T-shirt,Fashion,43,26711,19190,323403
78,2024-09-06,East,Cap,Fashion,14,14569,11620,41286
79,2024-05-26,South,Clock,Home Decor,62,10323,7407,180792
80,2024-01-04,North,Carpet,Home Decor,20,52491,46513,119560
81,2024-06-08,West,Shoes,Fashion,95,1351,1100,23845
82,2024-02-02,East,Clock,Home Decor,37,5552,3816,64232
83,2024-06-16,North,Vase,Home Decor,78,17950,13470,349440
84,2024-10-28,East,Headphones,Electronics,6,32496,21658,65028
85,2024-12-02,East,Jeans,Fashion,94,25851,19003,643712
86,2024-04-24,South,T-shirt,Fashion,109,20858,17491,367003
87,2024-03-15,South,Cap,Fashion,33,8043,7215,27324
88,2024-06-12,North,Camera,Electronics,14,39256,36652,36456
89,2024-04-08,North,Vase,Home Decor,116,18455,13282,600068
90,2024-07-01,West,Camera,Electronics,17,43786,29134,249084
91,2024-09-29,South,Watch,Accessories,117,14897,14202,81315
92,2024-07-05,South,Lamp,Home Decor,23,47780,33757,322529
93,2024-03-16,North,Carpet,Home Decor,13,35770,25659,131443
94,2024-05-23,East,Jacket,Fashion,73,56918,52327,335143
95,2024-02-22,East,Headphones,Electronics,27,1667,1529,3726
96,2024-07-04,South,Camera,Electronics,43,23425,18596,207647
97,2024-08-08,East,Tablet,Electronics,111,24894,17993,766011
98,2024-03-14,North,Wallet,Accessories,62,35807,28651,443672
99,2024-06-18,West,Camera,Electronics,13,28069,21031,91494
100,2024-01-29,North,T-shirt,Fashion,41,55193,41286,570187
101,2024-05-24,South,Laptop,Electronics,75,37580,36156,106800
102,2024-09-08,South,Curtains,Home Decor,35,35078,28390,234080
103,2024-12-11,South,Vase,Home Decor,23,29210,24842,100464
104,2024-05-05,West,Mobile,Electronics,62,30855,24136,416578
105,2024-12-26,East,Carpet,Home Decor,43,52724,46094,285090
106,2024-07-09,South,Headphones,Electronics,117,24460,23537,107991
107,2024-02-27,South,Camera,Electronics,48,46240,44288,93696
108,2024-07-31,West,Sunglasses,Accessories,79,11503,10153,106650
109,2024-02-16,North,Wallet,Accessories,109,53028,47283,626205
110,2024-02-23,North,Watch,Accessories,7,19587,19017,3990
111,2024-11-25,West,Tablet,Electronics,100,11523,11066,45700
112,2024-01-08,North,Curtains,Home Decor,96,56471,52652,366624
113,2024-01-28,South,Jacket,Fashion,96,38232,25804,1193088
114,2024-05-24,South,Vase,Home Decor,77,13716,11108,200816
115,2024-02-15,North,Carpet,Home Decor,39,52976,40199,498303
116,2024-07-15,West,Jeans,Fashion,51,10636,10527,5559
117,2024-12-30,East,Clock,Home Decor,9,1515,1127,3492
118,2024-08-11,South,Shoes,Fashion,115,47780,43522,489670
119,2024-06-25,East,Tablet,Electronics,81,20884,19151,140373
120,2024-11-06,East,Tablet,Electronics,10,13263,11163,21000
121,2024-09-15,South,Camera,Electronics,57,24074,16834,412680
122,2024-03-23,South,Camera,Electronics,21,48712,42615,128037
123,2024-07-23,North,Tablet,Electronics,8,22449,17805,37152
124,2024-04-04,West,Mobile,Electronics,76,59418,44829,1108764
125,2024-04-27,South,T-shirt,Fashion,7,29038,24575,31241
126,2024-08-09,North,Headphones,Electronics,61,23428,18609,293959
127,2024-03-06,North,Sunglasses,Accessories,79,54182,38301,1254599
128,2024-10-20,South,Curtains,Home Decor,54,55893,47776,438318
129,2024-11-03,East,Jeans,Fashion,42,57300,47650,405300
130,2024-03-21,East,Clock,Home Decor,9,38160,31017,64287
131,2024-09-29,South,Shoes,Fashion,88,37432,26547,957880
132,2024-07-23,South,Cap,Fashion,111,12515,8373,459762
133,2024-07-01,East,Watch,Accessories,84,6738,4644,175896
134,2024-07-02,West,Jacket,Fashion,29,18771,15405,97614
135,2024-03-01,West,Sunglasses,Accessories,55,24454,16398,443080
136,2024-06-18,West,Mobile,Electronics,65,23561,16480,460265
137,2024-01-12,North,Camera,Electronics,94,28193,25500,253142
138,2024-03-13,North,Mobile,Electronics,30,10988,8627,70830
139,2024-02-17,East,Belt,Accessories,65,4932,3783,74685
140,2024-04-22,West,Lamp,Home Decor,103,50928,50526,41406
141,2024-03-18,West,Bag,Accessories,92,49013,32165,1550016
142,2024-01-07,West,Jeans,Fashion,7,18530,17512,7126
143,2024-09-30,East,Jeans,Fashion,42,40150,38144,84252
144,2024-01-28,East,Watch,Accessories,78,1562,1190,29016
145,2024-10-26,South,Bag,Accessories,29,39556,35860,107184
146,2024-03-07,West,Lamp,Home Decor,109,59013,52542,705339
147,2024-09-20,East,Bag,Accessories,44,16228,13656,113168
148,2024-11-15,South,Headphones,Electronics,102,10667,8205,251124
149,2024-10-15,North,Camera,Electronics,57,27785,17169,605112
150,2024-11-26,South,Jacket,Fashion,66,11089,7254,253110
151,2024-08-30,East,Watch,Accessories,35,50715,46291,154840
152,2024-08-07,West,Clock,Home Decor,79,57847,35397,1773550
153,2024-03-02,South,Shoes,Fashion,61,53941,52995,57706
154,2024-06-21,East,Bag,Accessories,48,6969,5436,73584
155,2024-07-30,East,Jacket,Fashion,101,46087,41779,435108
156,2024-05-21,South,Lamp,Home Decor,68,43033,41105,131104
157,2024-12-21,East,Jeans,Fashion,81,51678,36984,1190214
158,2024-01-10,West,Mobile,Electronics,9,22922,20603,20871
159,2024-05-09,West,Cap,Fashion,88,9012,7570,126896
160,2024-09-21,North,Laptop,Electronics,79,28034,17704,816070
161,2024-11-13,North,Watch,Accessories,64,735,458,17728
162,2024-05-16,West,Cap,Fashion,38,19519,17849,63460
163,2024-12-14,West,Headphones,Electronics,76,42332,26708,1187424
164,2024-03-18,East,Tablet,Electronics,30,21111,20411,21000
165,2024-10-22,North,Mobile,Electronics,76,10010,9295,54340
166,2024-12-18,North,Jeans,Fashion,27,37938,35648,61830
167,2024-08-12,North,Laptop,Electronics,115,46058,42271,435505
168,2024-07-16,East,Vase,Home Decor,10,27702,26400,13020
169,2024-01-15,West,Clock,Home Decor,115,6288,4876,162380
170,2024-06-05,West,Vase,Home Decor,42,32684,31464,51240
171,2024-10-15,East,Camera,Electronics,72,19529,17572,140904
172,2024-11-25,East,Cap,Fashion,101,46697,40226,653571
173,2024-01-15,West,Headphones,Electronics,33,20603,13075,248424
174,2024-06-21,West,Headphones,Electronics,6,49038,32460,99468
175,2024-10-18,West,Belt,Accessories,30,59678,57462,66480
176,2024-11-25,South,Vase,Home Decor,108,11289,7984,356940
177,2024-12-28,South,Clock,Home Decor,16,10957,8669,36608
178,2024-04-20,North,Clock,Home Decor,108,34095,23073,1190376
179,2024-11-19,West,Curtains,Home Decor,9,53528,47469,54531
180,2024-04-01,North,Bag,Accessories,35,44909,37613,255360
181,2024-09-23,South,Shoes,Fashion,27,35060,23907,301131
182,2024-04-19,South,Camera,Electronics,40,59049,39535,780560
183,2024-02-24,East,Laptop,Electronics,119,54683,51875,334152
184,2024-05-16,North,Watch,Accessories,78,53159,46603,511368
185,2024-10-17,North,Mobile,Electronics,67,50188,48463,115575
186,2024-07-28,East,Bag,Accessories,95,58261,35287,2182530
187,2024-12-29,East,Tablet,Electronics,55,50857,37806,717805
188,2024-12-09,South,Headphones,Electronics,37,55972,51492,165760
189,2024-06-02,South,Belt,Accessories,32,16741,11053,182016
190,2024-12-26,West,Laptop,Electronics,53,37511,33710,201453
191,2024-07-07,East,Jacket,Fashion,108,56356,35450,2257848
192,2024-08-02,South,Camera,Electronics,55,24942,23891,57805
193,2024-10-12,North,Sunglasses,Accessories,20,28571,21285,145720
194,2024-06-23,South,Shoes,Fashion,118,29365,22620,795910
195,2024-08-09,South,Lamp,Home Decor,42,26022,20996,211092
196,2024-02-24,West,Lamp,Home Decor,107,49270,36083,1411009
197,2024-12-31,East,T-shirt,Fashion,38,53103,38581,551836
198,2024-06-26,West,Wallet,Accessories,11,16208,13029,34969
199,2024-11-18,East,Laptop,Electronics,92,31178,20396,991944
200,2024-02-23,West,Sunglasses,Accessories,115,3800,3122,77970
201,2024-09-20,West,Watch,Accessories,38,8470,6227,85234
202,2024-06-13,West,Vase,Home Decor,58,56264,34775,1246362
203,2024-11-25,East,Bag,Accessories,11,16532,14234,25278
204,2024-02-05,West,Tablet,Electronics,33,31919,27642,141141
205,2024-07-15,East,Shoes,Fashion,24,20478,15537,118584
206,2024-04-28,East,Bag,Accessories,16,51207,36511,235136
207,2024-02-22,South,Laptop,Electronics,48,55638,33535,1060944
208,2024-03-21,West,Jacket,Fashion,78,48785,29622,1494714
209,2024-04-24,South,Watch,Accessories,85,3073,2453,52700
210,2024-10-07,North,Clock,Home Decor,107,24252,18275,639539
211,2024-01-04,South,Jeans,Fashion,30,41901,30429,344160
212,2024-11-21,East,Cap,Fashion,22,27165,21590,122650
213,2024-06-13,North,Mobile,Electronics,29,56793,43818,376275
214,2024-12-07,South,Sunglasses,Accessories,89,51726,43634,720188
215,2024-04-07,West,Belt,Accessories,16,47328,32072,244096
216,2024-07-08,North,Bag,Accessories,50,21109,17942,158350
217,2024-11-02,North,Jeans,Fashion,57,12055,7831,240768
218,2024-01-11,West,Tablet,Electronics,40,26212,17734,339120
219,2024-04-07,South,Belt,Accessories,59,23650,20839,165849
220,2024-10-15,West,Cap,Fashion,40,9442,6123,132760
221,2024-12-02,West,Belt,Accessories,66,24558,18336,410652
222,2024-03-13,South,Shoes,Fashion,77,35611,30375,403172
223,2024-04-13,North,Laptop,Electronics,46,45580,32130,618700
224,2024-08-16,South,Belt,Accessories,112,41631,31881,1092000
225,2024-10-01,West,T-shirt,Fashion,105,49582,45392,439950
226,2024-11-25,North,Camera,Electronics,61,28970,20888,493002
227,2024-05-28,West,Vase,Home Decor,85,2250,1666,49640
228,2024-03-29,South,Shoes,Fashion,16,12418,8676,59872
229,2024-01-26,North,Shoes,Fashion,51,28435,23462,253623
230,2024-10-08,East,Lamp,Home Decor,89,20041,15596,395605
231,2024-05-16,East,Sunglasses,Accessories,119,15523,13902,192899
232,2024-08-10,South,Sunglasses,Accessories,98,52071,32545,1913548
233,2024-04-12,South,Jeans,Fashion,21,24577,15103,198954
234,2024-07-06,West,Vase,Home Decor,49,13909,13679,11270
235,2024-07-01,West,Tablet,Electronics,91,13151,13013,12558
236,2024-12-14,West,Watch,Accessories,90,50572,42908,689760
237,2024-04-17,West,Shoes,Fashion,70,9002,8164,58660
238,2024-09-07,South,T-shirt,Fashion,17,28288,24378,66470
239,2024-11-13,North,Wallet,Accessories,112,13484,13113,41552
240,2024-09-22,East,Curtains,Home Decor,34,50572,47042,120020
241,2024-06-25,North,Carpet,Home Decor,7,44960,43695,8855
242,2024-05-25,West,Clock,Home Decor,66,54040,46108,523512
243,2024-03-13,North,Lamp,Home Decor,19,15652,14589,20197
244,2024-10-19,South,Vase,Home Decor,65,45528,36298,599950
245,2024-11-28,South,Vase,Home Decor,102,48780,33781,1529898
246,2024-05-27,West,Vase,Home Decor,97,16434,10905,536313
247,2024-12-31,North,Tablet,Electronics,78,40542,27929,983814
248,2024-08-28,North,Mobile,Electronics,7,14699,10754,27615
249,2024-02-16,South,Camera,Electronics,91,52388,38456,1267812
250,2024-08-28,South,Wallet,Accessories,65,43374,35617,504205
251,2024-03-02,South,Bag,Accessories,21,47819,39813,168126
252,2024-03-29,West,Cap,Fashion,77,37943,35910,156541
253,2024-04-14,East,Mobile,Electronics,60,24374,15095,556740
254,2024-08-13,East,Laptop,Electronics,80,29341,19489,788160
255,2024-08-13,East,Tablet,Electronics,92,40559,39485,98808
256,2024-06-24,North,Jeans,Fashion,94,42373,34045,782832
257,2024-03-21,West,Carpet,Home Decor,118,10016,7645,279778
258,2024-07-04,East,Cap,Fashion,71,2091,1952,9869
259,2024-08-24,North,Jeans,Fashion,37,59129,38334,769415
260,2024-02-28,North,Wallet,Accessories,63,18588,11564,442512
261,2024-06-29,North,Sunglasses,Accessories,46,21170,17332,176548
262,2024-05-12,East,Jacket,Fashion,111,50208,41091,1011987
263,2024-01-23,East,Tablet,Electronics,46,40829,38010,129674
264,2024-02-08,South,Sunglasses,Accessories,35,27205,24702,87605
265,2024-01-12,North,Cap,Fashion,43,10677,7460,138331
266,2024-01-17,North,Watch,Accessories,108,32466,25357,767772
267,2024-11-21,East,Carpet,Home Decor,87,48017,36199,1028166
268,2024-11-14,West,Shoes,Fashion,32,33839,31357,79424
269,2024-10-04,North,Cap,Fashion,72,7559,5572,143064
270,2024-08-06,West,Clock,Home Decor,68,50692,35733,1017212
271,2024-07-11,South,Shoes,Fashion,26,21453,15000,167778
272,2024-06-12,West,Cap,Fashion,103,21927,19399,260384
273,2024-02-02,East,Carpet,Home Decor,10,32098,19807,122910
274,2024-01-26,South,Belt,Accessories,102,26529,23073,352512
275,2024-02-08,East,Lamp,Home Decor,19,42346,39402,55936
276,2024-10-14,West,Tablet,Electronics,6,47266,33905,80166
277,2024-07-13,East,Vase,Home Decor,85,44913,29730,1290555
278,2024-01-21,North,Curtains,Home Decor,51,16835,11771,258264
279,2024-05-26,South,Wallet,Accessories,61,32696,26970,349286
280,2024-01-15,West,Mobile,Electronics,38,2480,2218,9956
281,2024-10-06,North,Lamp,Home Decor,16,26885,21395,87840
282,2024-02-29,West,Vase,Home Decor,50,50636,44760,293800
283,2024-03-19,West,Camera,Electronics,31,47265,40823,199702
284,2024-06-29,West,Sunglasses,Accessories,28,45359,30008,429828
285,2024-07-24,South,Shoes,Fashion,75,12036,7971,304875
286,2024-01-09,West,Curtains,Home Decor,42,9708,6605,130326
287,2024-12-09,North,Sunglasses,Accessories,76,58238,37966,1540672
288,2024-11-15,South,Camera,Electronics,86,18273,14607,315276
289,2024-08-04,North,Belt,Accessories,37,51695,31715,739260
290,2024-06-27,South,Vase,Home Decor,92,10268,7720,234416
291,2024-06-08,South,Lamp,Home Decor,83,9283,7850,118939
292,2024-06-09,West,Jacket,Fashion,78,9627,7576,159978
293,2024-01-02,North,Jacket,Fashion,101,27924,25875,206949
294,2024-06-02,West,Camera,Electronics,26,52826,42293,273858
295,2024-05-01,South,T-shirt,Fashion,118,3541,3336,24190
296,2024-12-25,North,Wallet,Accessories,79,58160,51978,488378
297,2024-03-13,South,Watch,Accessories,107,26515,25863,69764
298,2024-11-23,West,Jacket,Fashion,54,3889,2682,65178
299,2024-01-07,East,Jeans,Fashion,79,46663,46356,24253
300,2024-01-03,South,Clock,Home Decor,45,57519,53310,189405
301,2024-01-12,South,Bag,Accessories,91,45055,43395,151060
302,2024-05-26,South,Tablet,Electronics,59,58593,38682,1174749
303,2024-11-04,East,Camera,Electronics,59,27411,27005,23954
304,2024-07-29,South,Clock,Home Decor,26,37912,29309,223678
305,2024-07-20,East,Tablet,Electronics,119,29206,22870,753984
306,2024-11-27,East,Shoes,Fashion,53,7505,5657,97944
307,2024-01-24,North,Bag,Accessories,24,48408,35505,309672
308,2024-01-20,South,Curtains,Home Decor,64,39563,37751,115968
309,2024-09-06,West,Watch,Accessories,102,22515,21021,152388
310,2024-05-10,West,Cap,Fashion,113,33797,21882,1346395
311,2024-10-08,East,Laptop,Electronics,12,27223,20228,83940
312,2024-01-14,West,T-shirt,Fashion,82,49653,49179,38868
313,2024-02-10,South,Camera,Electronics,66,51177,49431,115236
314,2024-05-09,West,Shoes,Fashion,107,46393,43077,354812
315,2024-01-28,North,Watch,Accessories,70,59096,38256,1458800
316,2024-06-12,West,Watch,Accessories,49,56714,53240,170226
317,2024-07-13,South,Belt,Accessories,18,11331,9238,37674
318,2024-12-15,West,Mobile,Electronics,109,42740,36364,694984
319,2024-01-01,West,Vase,Home Decor,61,17459,11260,378139
320,2024-06-23,East,Lamp,Home Decor,105,16063,13751,242760
321,2024-02-13,West,Laptop,Electronics,60,51855,33981,1072440
322,2024-11-29,East,Wallet,Accessories,6,1468,1076,2352
323,2024-01-01,North,Clock,Home Decor,39,21177,15899,205842
324,2024-06-27,North,Laptop,Electronics,82,26111,21426,384170
325,2024-08-03,South,Carpet,Home Decor,47,625,476,7003
326,2024-08-10,East,Laptop,Electronics,60,7138,4564,154440
327,2024-12-05,South,Jacket,Fashion,27,23411,17554,158139
328,2024-08-21,West,Headphones,Electronics,12,10725,9261,17568
329,2024-12-23,West,Camera,Electronics,9,59362,46889,112257
330,2024-11-06,North,Bag,Accessories,94,22973,16616,597558
331,2024-05-15,South,Shoes,Fashion,51,31963,19719,624444
332,2024-12-10,West,Vase,Home Decor,50,31159,27987,158600
333,2024-03-09,West,Sunglasses,Accessories,109,45133,36908,896525
334,2024-07-10,South,Clock,Home Decor,74,50226,44422,429496
335,2024-06-24,North,Laptop,Electronics,17,27708,23780,66776
336,2024-11-19,East,Laptop,Electronics,102,49008,45735,333846
337,2024-01-19,South,Jacket,Fashion,74,36821,28960,581714
338,2024-12-04,East,Laptop,Electronics,113,38718,34906,430756
339,2024-05-22,North,Lamp,Home Decor,69,28223,23317,338514
340,2024-11-11,East,Sunglasses,Accessories,97,38860,37320,149380
341,2024-04-11,East,Laptop,Electronics,94,44798,37688,668340
342,2024-09-21,South,Clock,Home Decor,7,23112,16541,45997
343,2024-04-26,South,Clock,Home Decor,97,1677,1566,10767
344,2024-10-19,West,Mobile,Electronics,83,12063,9133,243190
345,2024-01-21,West,Bag,Accessories,27,42474,37943,122337
346,2024-10-07,West,Sunglasses,Accessories,40,9406,9256,6000
347,2024-05-20,North,Wallet,Accessories,90,38150,23937,1279170
348,2024-02-21,West,Cap,Fashion,114,36878,26894,1138176
349,2024-05-15,East,Wallet,Accessories,20,49757,39784,199460
350,2024-05-11,North,Shoes,Fashion,94,21329,17699,341220
351,2024-02-08,South,Wallet,Accessories,17,4154,3096,17986
352,2024-10-24,South,Lamp,Home Decor,60,25111,19808,318180
353,2024-06-21,West,Lamp,Home Decor,110,11630,10230,154000
354,2024-01-26,North,Jacket,Fashion,13,16893,11714,67327
355,2024-06-18,North,Shoes,Fashion,76,6795,5976,62244
356,2024-10-19,East,Mobile,Electronics,72,45605,38698,497304
357,2024-06-15,West,Wallet,Accessories,78,23884,23639,19110
358,2024-08-29,South,Wallet,Accessories,73,26660,26078,42486
359,2024-04-28,North,Clock,Home Decor,25,49604,40651,223825
360,2024-06-08,East,Carpet,Home Decor,15,58493,49233,138900
361,2024-09-10,North,Cap,Fashion,29,34037,32594,41847
362,2024-11-18,South,Sunglasses,Accessories,46,32617,25737,316480
363,2024-10-06,North,Watch,Accessories,64,52001,46202,371136
364,2024-06-15,West,T-shirt,Fashion,113,54753,42330,1403799
365,2024-06-12,North,Carpet,Home Decor,7,16956,11384,39004
366,2024-07-14,East,Watch,Accessories,17,7204,6149,17935
367,2024-06-08,East,Headphones,Electronics,25,57049,55214,45875
368,2024-10-26,South,Jeans,Fashion,62,40694,32061,535246
369,2024-06-20,East,T-shirt,Fashion,6,59076,38718,122148
370,2024-05-29,West,Jacket,Fashion,48,30637,18726,571728
371,2024-10-13,North,Camera,Electronics,51,26092,25785,15657
372,2024-01-12,East,Shoes,Fashion,21,46979,36756,214683
373,2024-05-23,East,Curtains,Home Decor,34,33504,25958,256564
374,2024-04-27,West,Vase,Home Decor,9,55751,47096,77895
375,2024-05-28,South,Laptop,Electronics,88,20921,14272,585112
376,2024-09-28,North,Shoes,Fashion,80,10215,7330,230800
377,2024-05-30,North,Headphones,Electronics,118,59445,40553,2229256
378,2024-09-05,East,Mobile,Electronics,77,19380,13318,466774
379,2024-06-02,South,Wallet,Accessories,72,37674,29121,615816
380,2024-12-07,East,Belt,Accessories,64,25319,21112,269248
381,2024-06-14,South,Watch,Accessories,86,22432,20506,165636
382,2024-05-13,South,T-shirt,Fashion,71,28995,21202,553303
383,2024-03-06,East,Camera,Electronics,95,21109,18031,292410
384,2024-09-12,South,Jacket,Fashion,14,6156,4071,29190
385,2024-10-15,South,Camera,Electronics,40,8786,6881,76200
386,2024-01-25,West,Camera,Electronics,17,48744,29731,323221
387,2024-01-25,South,Carpet,Home Decor,83,47159,39719,617520
388,2024-05-07,West,Curtains,Home Decor,100,29263,20429,883400
389,2024-11-11,South,Jacket,Fashion,67,13177,10358,188873
390,2024-05-09,South,Tablet,Electronics,64,27786,21076,429440
391,2024-09-22,North,Belt,Accessories,93,54389,50439,367350
392,2024-02-25,East,Cap,Fashion,83,25532,20354,429774
393,2024-05-28,East,Watch,Accessories,77,50831,41657,706398
394,2024-09-16,North,Wallet,Accessories,8,34906,29135,46168
395,2024-11-03,East,Camera,Electronics,97,42279,41760,50343
396,2024-04-25,East,Clock,Home Decor,67,6193,5326,58089
397,2024-06-03,East,Tablet,Electronics,96,28105,26456,158304
398,2024-03-26,North,Sunglasses,Accessories,9,4981,3284,15273
399,2024-08-17,South,Sunglasses,Accessories,83,44168,36075,671719
400,2024-01-13,North,Carpet,Home Decor,89,59853,44925,1328592
401,2024-06-21,South,Camera,Electronics,36,663,425,8568
402,2024-09-12,West,Sunglasses,Accessories,59,29800,21739,475599
403,2024-02-21,South,Jacket,Fashion,116,28911,28218,80388
404,2024-08-08,North,Vase,Home Decor,56,31120,27527,201208
405,2024-04-22,South,Cap,Fashion,109,31411,31295,12644
406,2024-05-08,North,Lamp,Home Decor,6,50223,46492,22386
407,2024-08-29,South,Laptop,Electronics,62,29171,20948,509826
408,2024-07-21,West,Carpet,Home Decor,38,50427,31696,711778
409,2024-12-08,West,Laptop,Electronics,92,56992,41976,1381472
410,2024-03-27,North,Curtains,Home Decor,105,42491,37451,529200
411,2024-02-12,East,Lamp,Home Decor,5,8288,7781,2535
412,2024-05-27,North,Watch,Accessories,25,29403,19161,256050
413,2024-07-29,East,Jacket,Fashion,11,58406,49342,99704
414,2024-04-20,South,T-shirt,Fashion,100,39779,28196,1158300
415,2024-02-18,North,Laptop,Electronics,40,32625,25546,283160
416,2024-08-04,North,Shoes,Fashion,66,7410,6941,30954
417,2024-05-19,West,Cap,Fashion,95,22491,21622,82555
418,2024-06-08,North,Cap,Fashion,99,4483,3072,139689
419,2024-01-11,South,Curtains,Home Decor,14,46338,34006,172648
420,2024-05-03,South,Tablet,Electronics,93,12389,9452,273141
421,2024-06-20,North,Curtains,Home Decor,36,33953,31693,81360
422,2024-05-01,East,Carpet,Home Decor,36,54993,38903,579240
423,2024-08-20,West,Watch,Accessories,51,57349,55053,117096
424,2024-10-28,South,Camera,Electronics,108,56033,38903,1850040
425,2024-07-21,West,Wallet,Accessories,90,58505,37691,1873260
426,2024-09-25,North,Headphones,Electronics,86,13557,9149,379088
427,2024-02-19,East,Wallet,Accessories,99,26562,22380,414018
428,2024-10-04,North,Wallet,Accessories,47,27544,25720,85728
429,2024-04-27,East,Tablet,Electronics,23,16906,14346,58880
430,2024-10-07,East,Jacket,Fashion,105,30306,23927,669795
431,2024-03-12,West,T-shirt,Fashion,5,55647,38649,84990
432,2024-08-11,West,Headphones,Electronics,68,30045,21912,553044
433,2024-10-28,South,Watch,Accessories,107,14542,13520,109354
434,2024-01-13,West,Shoes,Fashion,13,52199,32736,253019
435,2024-11-09,South,T-shirt,Fashion,58,36351,25803,611784
436,2024-01-20,South,Shoes,Fashion,79,37251,35373,148362
437,2024-07-04,North,Belt,Accessories,8,10096,8841,10040
438,2024-08-14,West,Clock,Home Decor,30,2328,1487,25230
439,2024-02-07,South,Camera,Electronics,50,39159,26584,628750
440,2024-09-29,West,Camera,Electronics,75,3063,2438,46875
441,2024-07-04,West,Sunglasses,Accessories,59,7143,4460,158297
442,2024-06-07,East,T-shirt,Fashion,64,29231,17977,720256
443,2024-05-31,South,Tablet,Electronics,113,1041,628,46669
444,2024-12-21,East,Cap,Fashion,68,10758,10227,36108
445,2024-07-01,South,Headphones,Electronics,117,59050,48230,1265940
446,2024-09-07,North,Jacket,Fashion,96,27886,18268,923328
447,2024-04-27,West,Watch,Accessories,49,12948,10400,124852
448,2024-08-27,West,Jacket,Fashion,51,18894,18396,25398
449,2024-12-24,East,Jacket,Fashion,13,46157,42586,46423
450,2024-03-01,West,Laptop,Electronics,14,35365,30197,72352
451,2024-09-10,South,Watch,Accessories,113,36025,32005,454260
452,2024-09-01,East,Sunglasses,Accessories,23,18333,17687,14858
453,2024-03-09,East,T-shirt,Fashion,97,8499,6443,199432
454,2024-03-14,North,Lamp,Home Decor,68,56056,45361,727260
455,2024-05-05,West,T-shirt,Fashion,107,57114,51909,556935
456,2024-11-08,West,Watch,Accessories,104,43321,29728,1413672
457,2024-07-06,West,Jacket,Fashion,61,8210,6491,104859
458,2024-07-31,West,Lamp,Home Decor,34,1931,1214,24378
459,2024-06-11,East,Jacket,Fashion,59,20175,19806,21771
460,2024-06-30,West,Clock,Home Decor,99,10333,6433,386100
461,2024-10-27,North,Headphones,Electronics,104,59563,56820,285272
462,2024-01-21,East,T-shirt,Fashion,72,17573,13473,295200
463,2024-09-04,West,Bag,Accessories,79,1671,1100,45109
464,2024-06-02,South,Sunglasses,Accessories,112,37227,23944,1487696
465,2024-11-09,North,Shoes,Fashion,25,28728,24958,94250
466,2024-10-31,West,Cap,Fashion,23,58214,35754,516580
467,2024-06-09,North,Headphones,Electronics,54,29800,21825,430650
468,2024-11-22,North,Bag,Accessories,90,19946,17510,219240
469,2024-12-19,North,Camera,Electronics,32,23981,21791,70080
470,2024-04-07,North,Laptop,Electronics,74,51169,38584,931290
471,2024-12-06,South,Shoes,Fashion,9,18421,12156,56385
472,2024-11-25,South,Lamp,Home Decor,102,11907,7277,472260
473,2024-10-20,West,Headphones,Electronics,64,5166,3393,113472
474,2024-02-18,East,Belt,Accessories,68,43539,30620,878492
475,2024-08-01,South,Jacket,Fashion,19,7019,4659,44840
476,2024-09-26,West,Wallet,Accessories,31,57200,50277,214613
477,2024-03-06,South,Jacket,Fashion,29,22763,18693,118030
478,2024-02-11,North,Curtains,Home Decor,103,21753,14909,704932
479,2024-07-15,East,Bag,Accessories,55,29950,27299,145805
480,2024-10-23,West,Clock,Home Decor,40,58328,50989,293560
481,2024-08-25,East,Watch,Accessories,108,14021,9358,503604
482,2024-09-19,South,Jacket,Fashion,84,7030,6672,30072
483,2024-02-09,East,Bag,Accessories,106,44436,43724,75472
484,2024-04-16,West,Curtains,Home Decor,105,2807,1718,114345
485,2024-05-16,West,Jeans,Fashion,16,15649,11591,64928
486,2024-04-18,East,Lamp,Home Decor,25,50321,48938,34575
487,2024-02-28,East,Clock,Home Decor,31,8504,6844,51460
488,2024-10-07,West,Watch,Accessories,24,24717,17829,165312
489,2024-09-21,West,Sunglasses,Accessories,106,30629,29884,78970
490,2024-12-29,West,Wallet,Accessories,112,19388,16516,321664
491,2024-05-10,South,Clock,Home Decor,80,13263,11342,153680
492,2024-09-04,West,Cap,Fashion,94,25265,15993,871568
493,2024-02-10,South,Wallet,Accessories,55,13730,9197,249315
494,2024-10-05,North,Jeans,Fashion,52,42355,26234,838292
495,2024-05-18,West,Camera,Electronics,98,41218,31996,903756
496,2024-09-28,North,Headphones,Electronics,38,1589,1007,22116
497,2024-07-19,East,Curtains,Home Decor,24,29295,23051,149856
498,2024-10-29,West,Vase,Home Decor,42,47746,43018,198576
499,2024-10-28,North,Watch,Accessories,18,55767,38824,304974
500,2024-09-08,East,Laptop,Electronics,81,57026,46477,854469
